{
  "accounts": [
    {
      "email": "south-lion@spamlessmail.org",
      "password": "OSCKoheHFc_Nxv79..",
      "name": "Gladys Lemke III",
      "link": "http://accounts.goorm.io/verify-email?verify=user&code=6f2d177e497c605be04bcb86df128341afecc498",
      "uid": "ed2141a8-3075-4c41-a928-5ec63011d23f",
      "status": false,
      "created_at": "2024-12-01"
    },
    {
      "email": "bead-hide@spamlessmail.org",
      "password": "vrlhU3Bp1SCCpQs9..",
      "name": "Angelina Kilback",
      "link": "http://accounts.goorm.io/verify-email?verify=user&code=d8bdcd81c1dc9bb9b92a95bdce4c03da8a764871",
      "uid": "45e66721-bfbe-480e-836f-004fc337b1b9",
      "status": true,
      "created_at": "2024-12-01"
    },
    {
      "email": "bramble-kicker@spamlessmail.org",
      "password": "nc2OQC3mS1ucG6Y9..",
      "name": "Dewey Upton",
      "link": "http://accounts.goorm.io/verify-email?verify=user&code=40fda01f405fe78635298caa808079cdf3552ae9",
      "uid": "afbd2083-cc3a-4fad-89f0-19b33fc25acf",
      "status": false,
      "created_at": "2024-12-02"
    },
    {
      "email": "solar-princess@pleasenospam.email",
      "password": "9Ertz2hOTTETSKP9..",
      "name": "Tammy Walter",
      "link": "http://accounts.goorm.io/verify-email?verify=user&code=b392b0cfa9ac538db98d6ddb0ff9de09f9dd13ea",
      "uid": "0694f4ee-b011-418a-8033-e053c4aef2fe",
      "status": true,
      "created_at": "2024-12-02"
    },
    {
      "email": "puzzle-ant@pleasenospam.email",
      "password": "9z9vW5_yJO9zGtK9..",
      "name": "Enrique Lemke I",
      "link": "http://accounts.goorm.io/verify-email?verify=user&code=1c461418cd80846a05e948c6185f7f2fa1901636",
      "uid": "714ddef4-06a9-40f7-a120-f80604b1e237",
      "status": true,
      "created_at": "2024-12-02"
    },
    {
      "email": "glen-moth@pleasenospam.email",
      "password": "RbdrzRymvZjJBb89..",
      "name": "Jon Dickinson",
      "link": "http://accounts.goorm.io/verify-email?verify=user&code=e6c08e1d9157c493bcff10b3ab114eb4f6ec19c3",
      "uid": "649d59c8-5144-497c-a0d2-2b0b63fefbb4",
      "status": true,
      "created_at": "2024-12-02"
    },
    {
      "email": "jelly-skinner@spamlessmail.org",
      "password": "i32f9oq83oa74s79..",
      "name": "Maryann O'Hara",
      "link": "http://accounts.goorm.io/verify-email?verify=user&code=1a532fb110fc03e7e212ea66ad8bd380069272d3",
      "uid": "f834958f-bd2a-45fd-a719-ddf2c32b7d3c",
      "status": true,
      "created_at": "2024-12-02"
    },
    {
      "email": "season-whale@pleasenospam.email",
      "password": "y2NSI9DU2BiTXLx9..",
      "name": "Mack Gutmann",
      "link": "http://accounts.goorm.io/verify-email?verify=user&code=7e69d2b4c9a460505f8fda630f1d1d01ebd5045f",
      "uid": "81a4b092-4107-4d5c-a891-29c3622515bb",
      "status": true,
      "created_at": "2024-12-02"
    },
    {
      "email": "savage-thunder@spamlessmail.org",
      "password": "RT5jIXNlyJPU_Tk9..",
      "name": "Mae Pfannerstill",
      "link": "http://accounts.goorm.io/verify-email?verify=user&code=a6fd0c3b23f07e5ab375ea16532d2ce7f3f04e80",
      "uid": "77fd2344-4374-495f-8cef-7a072e5c0378",
      "status": true,
      "created_at": "2024-12-02"
    },
    {
      "email": "cord-flame@spamlessmail.org",
      "password": "G8vBQOuidlThpZR9..",
      "name": "Sylvester Bayer-Robel",
      "link": "http://accounts.goorm.io/verify-email?verify=user&code=e4914125eca6b33014cfc9d2ca5bc2c61c3719ba",
      "uid": "bb4fa25e-bb80-48e6-bd01-62491b7e9abe",
      "status": true,
      "created_at": "2024-12-02"
    },
    {
      "email": "bloom-mustang@spamlessmail.org",
      "password": "7WvTsu4mQ1I2d239..",
      "name": "Natasha Senger",
      "link": "http://accounts.goorm.io/verify-email?verify=user&code=9645c4a0ca1611d5fc1b49a0e184c4e45412ac10",
      "uid": "e4e0fc01-da5d-488d-93be-5ca8e3f23a43",
      "status": true,
      "created_at": "2024-12-02"
    },
    {
      "email": "autumn-charger@pleasenospam.email",
      "password": "lLoAFGmqRjMbS9Q9..",
      "name": "Dr. Donnie Mueller",
      "link": "http://accounts.goorm.io/verify-email?verify=user&code=f26be863d07c63ff41127444a16869712c47cf75",
      "uid": "bbaf7e7c-0ebb-4f29-9d75-3823227b39af",
      "status": true,
      "created_at": "2024-12-02"
    },
    {
      "email": "zenith-sentry@pleasenospam.email",
      "password": "6Wm6njc0DhVExty9..",
      "name": "Veronica Abernathy",
      "link": "http://accounts.goorm.io/verify-email?verify=user&code=60baa5248048b52483a6885f6e62fe87a0a414ac",
      "uid": "62790c69-9a3e-4c5c-9a40-b7725b5ad680",
      "status": true,
      "created_at": "2024-12-02"
    },
    {
      "email": "quasar-unicorn@spamlessmail.org",
      "password": "nirL4NO3YtT9cGV9..",
      "name": "Wayne Kerluke",
      "link": "http://accounts.goorm.io/verify-email?verify=user&code=72087981e71856a23fbda8f4dde3f7518c11a899",
      "uid": "d36ca7b3-ad63-4bc3-8774-59332d130c4e",
      "status": true,
      "created_at": "2024-12-02"
    },
    {
      "email": "tar-heron@pleasenospam.email",
      "password": "_0D4JpuE3OPxUKs9..",
      "name": "Julius Dach",
      "link": "http://accounts.goorm.io/verify-email?verify=user&code=3c53f2372739391837a2cf107b2358808dd21680",
      "uid": "7074597b-bb09-4d22-a146-3cca6556bcb1",
      "status": true,
      "created_at": "2024-12-02"
    },
    {
      "email": "grave-cloud@pleasenospam.email",
      "password": "K6C7_k65r38f8K29..",
      "name": "Leigh Rogahn",
      "link": "http://accounts.goorm.io/verify-email?verify=user&code=c07eb2974e75c129ef99a57950ed0cc09263a269",
      "uid": "cde404d1-977e-4242-8db4-c9177c72f4b6",
      "status": true,
      "created_at": "2024-12-02"
    },
    {
      "email": "jade-chanter@spamlessmail.org",
      "password": "RUqsQf4vTscTtxv9..",
      "name": "Gilbert Reichel",
      "link": "http://accounts.goorm.io/verify-email?verify=user&code=8c2186c58ec168dcb9dc96a152924220d7d3910c",
      "uid": "7eda0dd4-f71a-4e5c-b768-92d4ab2b810b",
      "status": false,
      "created_at": "2024-12-04"
    },
    {
      "email": "foil-tooth@spamlessmail.org",
      "password": "nmZl6nuii3OyZzM9..",
      "name": "Dr. Debra Hyatt",
      "link": "http://accounts.goorm.io/verify-email?verify=user&code=71273d5c2ca07f3d50b766a1d030ee99411c7c82",
      "uid": "5da65e07-2a5b-47dd-8751-f6031642cb52",
      "status": false,
      "created_at": "2024-12-04"
    },
    {
      "email": "fan-scarer@spamlessmail.org",
      "password": "l0b_ZWW8vbpceDG9..",
      "name": "Mr. Lance Hilll DDS",
      "link": "http://accounts.goorm.io/verify-email?verify=user&code=9590fb93562f563ba092fad55926ee9a11aec0f2",
      "uid": "e69d5e97-9ef9-4ca1-9397-3051b43fbdd7",
      "status": false,
      "created_at": "2024-12-04"
    },
    {
      "email": "bevel-ninja@pleasenospam.email",
      "password": "HnE52uHUS7y1pnp9..",
      "name": "Eugene Dare II",
      "link": "http://accounts.goorm.io/verify-email?verify=user&code=c05d3fd7749296470b1a345d97648384122616e0",
      "uid": "2dc03fc3-99fa-43d0-aec8-3f7064bbb657",
      "status": true,
      "created_at": "2024-12-04"
    },
    {
      "email": "scratch-shift@pleasenospam.email",
      "password": "g2LFWAyH7a36mSi9..",
      "name": "Rogelio Mante",
      "link": "http://accounts.goorm.io/verify-email?verify=user&code=1079c78ba58a30afe20a1b4850863f3257f3bc8a",
      "uid": "06c35c78-e571-413a-b47a-81f72b886e05",
      "status": true,
      "created_at": "2024-12-04"
    },
    {
      "email": "swamp-killer@pleasenospam.email",
      "password": "BY9mEjDjCTK2z9b9..",
      "name": "Pamela Renner",
      "link": "http://accounts.goorm.io/verify-email?verify=user&code=7d1ec3c288f85a1218d4d7de233a933fd2592505",
      "uid": "2f477cc6-6fc5-4e14-b568-0c6d5794ef16",
      "status": true,
      "created_at": "2024-12-04"
    },
    {
      "email": "vivid-hugger@pleasenospam.email",
      "password": "cPhrYdRFEIokcaJ9..",
      "name": "Miss Janie Spencer PhD",
      "link": "http://accounts.goorm.io/verify-email?verify=user&code=052cb4de6c16efdf934a015d853a1adc67698271",
      "uid": "95e8f464-aceb-40d7-9da0-53fdc008e047",
      "status": true,
      "created_at": "2024-12-04"
    },
    {
      "email": "basalt-collar@pleasenospam.email",
      "password": "g4K9Ce8uVhaM2Z59..",
      "name": "Wilbur Funk PhD",
      "link": "http://accounts.goorm.io/verify-email?verify=user&code=01c6cebc180e50d3726314e31ebef61ed70a45be",
      "uid": "248476bb-bd01-4a62-95c8-fec0d8833ad4",
      "status": true,
      "created_at": "2024-12-05"
    },
    {
      "email": "soft-shark@pleasenospam.email",
      "password": "6pGAfGP4cEvDB6M9..",
      "name": "Frances Bogisich",
      "link": "http://accounts.goorm.io/verify-email?verify=user&code=cf6f54ae7cbef3b7c2b6fc69c667c5b99853c592",
      "uid": "5bd2c414-6ed4-4082-8928-b69763df359a",
      "status": true,
      "created_at": "2024-12-05"
    },
    {
      "email": "bloom-eagle@pleasenospam.email",
      "password": "SbbzbUjgZKEfxPt9..",
      "name": "Jessica Beer",
      "link": "http://accounts.goorm.io/verify-email?verify=user&code=459fed01b391b4a791dc3fc4e5acf0996b4d7a57",
      "uid": "13c5cc21-1ae9-4dfe-b1e2-5ad1dfd4e2ef",
      "status": true,
      "created_at": "2024-12-05"
    },
    {
      "email": "pale-chanter@spamlessmail.org",
      "password": "Zstf5ZqiB4dh0MZ9..",
      "name": "Gertrude Lesch",
      "link": "http://accounts.goorm.io/verify-email?verify=user&code=451669c0e18e7b1d7c330f19ed4b85364504f0a8",
      "uid": "9bbc1113-7299-4e88-9492-a4cddd102131",
      "status": true,
      "created_at": "2024-12-05"
    },
    {
      "email": "battle-whale@spamlessmail.org",
      "password": "706yu0ea5IIUnN39..",
      "name": "Noel Romaguera",
      "link": "http://accounts.goorm.io/verify-email?verify=user&code=f4091c1b9e1e1d132e302f4d3e68ae141bb9a12d",
      "uid": "c1035cbd-1504-49f1-b57d-71bd4e959449",
      "status": true,
      "created_at": "2024-12-05"
    },
    {
      "email": "helix-master@pleasenospam.email",
      "password": "ow8yxvYBKw4QL299..",
      "name": "Anthony Hills",
      "link": "http://accounts.goorm.io/verify-email?verify=user&code=f73a66cffe46beab38aa1f934304b8739344904a",
      "uid": "e30a9e2c-072c-4087-bf8d-2b06a8561e88",
      "status": true,
      "created_at": "2024-12-05"
    },
    {
      "email": "mica-weaver@spamlessmail.org",
      "password": "qJFAwI03Ttwogan9..",
      "name": "Stephanie Gleason DDS",
      "link": "http://accounts.goorm.io/verify-email?verify=user&code=434c76145d5f59d3d8bb47b930cf00deff36ea8b",
      "uid": "474f2d20-d65d-40f2-9d03-674f16a33a66",
      "status": true,
      "created_at": "2024-12-06"
    },
    {
      "email": "veil-antelope@pleasenospam.email",
      "password": "I4O035R3z4YBHz79..",
      "name": "Vicki Kuphal-Fay",
      "link": "http://accounts.goorm.io/verify-email?verify=user&code=7ab2fd1fa3071d51e7931c46f848d133755afa6b",
      "uid": "4bb92aa0-ac7e-4459-8345-62d746a438e9",
      "status": true,
      "created_at": "2024-12-06"
    },
    {
      "email": "diamond-talon@spamlessmail.org",
      "password": "7OyZfLoO5JKRK5X9..",
      "name": "Ruben Marquardt",
      "link": "http://accounts.goorm.io/verify-email?verify=user&code=f3b90d2105b045f7c5625b5fcbb491c0a6dd8972",
      "uid": "17c24d85-ddbf-4e6b-a8af-da01ee6127ed",
      "status": true,
      "created_at": "2024-12-06"
    },
    {
      "email": "fern-fly@spamlessmail.org",
      "password": "1V9tfwwImuwJPeH9..",
      "name": "Becky O'Reilly",
      "link": "http://accounts.goorm.io/verify-email?verify=user&code=3bbdfe66d1f390d2ad92be6652b5ccb1ff4a9ae1",
      "uid": "790c7ca7-39be-49c5-b1d0-2f2a641b74d3",
      "status": true,
      "created_at": "2024-12-09"
    },
    {
      "email": "leaf-horse@spamlessmail.org",
      "password": "LmsfYnU7WRJulG79..",
      "name": "Stewart Runolfsson",
      "link": "http://accounts.goorm.io/verify-email?verify=user&code=6906d1ce3a94c7bb561e979080cf10ce057e9ff5",
      "uid": "1d10f5ff-7963-45d4-952c-e1ff4be0f6b2",
      "status": true,
      "created_at": "2024-12-09"
    },
    {
      "email": "typhoon-falcon@spamlessmail.org",
      "password": "RSDpYTBmZWKRYLQ9..",
      "name": "Vickie Mitchell",
      "link": "http://accounts.goorm.io/verify-email?verify=user&code=26cff2f03d8c9e73fdd0d0adc8099d5f0d345e3a",
      "uid": "3dd13b88-d8d3-4246-82ae-1621eb11ed40",
      "status": true,
      "created_at": "2024-12-09"
    },
    {
      "email": "zenith-chatter@pleasenospam.email",
      "password": "EnMzgQUyn3kEQKV9..",
      "name": "Laura Collier",
      "link": "http://accounts.goorm.io/verify-email?verify=user&code=57e09c41d0d48e0f00f89472f3e332ef326be990",
      "uid": "ebc2fcbf-0b22-4e43-82a5-2b59c7b9ddca",
      "status": false,
      "created_at": "2024-12-09"
    },
    {
      "email": "jungle-burn@pleasenospam.email",
      "password": "AabquQa7r5hYYJW9..",
      "name": "Alma Braun",
      "link": "http://accounts.goorm.io/verify-email?verify=user&code=e34877a2aee0b5ff505a134691a7f9a2552b7fcb",
      "uid": "9d2ce48a-62df-4328-897f-459519030928",
      "status": false,
      "created_at": "2024-12-09"
    },
    {
      "email": "yellow-goat@spamlessmail.org",
      "password": "3uyPkTECIbQp8bD9..",
      "name": "Marcella Borer MD",
      "link": "http://accounts.goorm.io/verify-email?verify=user&code=90b6754e8c64dc0c1f954296404b87d38ee58302",
      "uid": "d80e387c-6cb0-4e99-95e2-00c17bd31f57",
      "status": false,
      "created_at": "2024-12-09"
    },
    {
      "email": "free-razor@pleasenospam.email",
      "password": "kMKp6Tn2kqGcIVG9..",
      "name": "Timothy Dietrich",
      "link": "http://accounts.goorm.io/verify-email?verify=user&code=f943ba8c9e6b75c3adc0e7ebaa83795644acfb6a",
      "uid": "ff1d7229-635f-4448-9fb7-f551f20e5679",
      "status": true,
      "created_at": "2024-12-09"
    },
    {
      "email": "foam-stealer@pleasenospam.email",
      "password": "oGId7bO6FjZqa3J9..",
      "name": "Ollie Pollich Sr.",
      "link": "http://accounts.goorm.io/verify-email?verify=user&code=dbb4e0b9c7d5d0532598ae6988ba9422fe1f165e",
      "uid": "30168adf-98da-440d-8ee1-13fc5f2efbdc",
      "status": false,
      "created_at": "2024-12-09"
    },
    {
      "email": "chip-sting@spamlessmail.org",
      "password": "2iRNdv9qfHoSwq59..",
      "name": "Nelson Larson",
      "link": "http://accounts.goorm.io/verify-email?verify=user&code=dfe17e2dd2cd22e04308b68b89f9726b91a494cf",
      "uid": "1da566ae-a5c4-4367-a7f6-ef6412c4ad36",
      "status": false,
      "created_at": "2024-12-10"
    },
    {
      "email": "hollow-minnow@spamlessmail.org",
      "password": "y0KedIYWJhPoM9M9..",
      "name": "Clayton Stehr",
      "link": "http://accounts.goorm.io/verify-email?verify=user&code=fbd5ec19465b673f750a0bb0c94420595bec1933",
      "uid": "ac249c6c-c565-4097-8bc2-4b77d1c17161",
      "status": false,
      "created_at": "2024-12-10"
    },
    {
      "email": "lightning-panther@pleasenospam.email",
      "password": "kOh2CJ4mBLmPYGs9..",
      "name": "Georgia Pacocha",
      "link": "http://accounts.goorm.io/verify-email?verify=user&code=97b08fda473dfb540c9400735c9696175862098c",
      "uid": "45e8c06f-1b0c-41fc-b56c-8acc75eb6551",
      "status": false,
      "created_at": "2024-12-10"
    },
    {
      "email": "white-wyrm@pleasenospam.email",
      "password": "8BDeq6NwwcyNdBO9..",
      "name": "Gloria Homenick",
      "link": "http://accounts.goorm.io/verify-email?verify=user&code=8f028f171dc9dec48aaf3c025f4a77ee3022b6fb",
      "uid": "28310882-b2aa-42f6-87f8-9c402016f9d5",
      "status": false,
      "created_at": "2024-12-11"
    },
    {
      "email": "brave-bug@spamlessmail.org",
      "password": "R7Z3d4ZvBdqaL0y9..",
      "name": "Mrs. Guadalupe Tromp",
      "link": "http://accounts.goorm.io/verify-email?verify=user&code=be439f1101c5f621a638e0b5b50b588e8aad1203",
      "uid": "4d9434bf-548d-4270-a748-c97fe3901da6",
      "status": false,
      "created_at": "2024-12-11"
    },
    {
      "email": "storm-follower@spamlessmail.org",
      "password": "GfFi8TpcS1KvbQA9..",
      "name": "Gayle Ferry",
      "link": "http://accounts.goorm.io/verify-email?verify=user&code=a31a03bd62dc0195d3c3a7ba218a9914fa9eee62",
      "uid": "9a1be533-4240-4a08-a558-3982300876ef",
      "status": false,
      "created_at": "2024-12-12"
    },
    {
      "email": "cedar-dragon@spamlessmail.org",
      "password": "A7iUrkC7cYBQXkO9..",
      "name": "Gregory Bednar",
      "link": "http://accounts.goorm.io/verify-email?verify=user&code=505c283adfaf210f578e94daaaf52d51df9f29e6",
      "uid": "20ca5c95-4f55-4e14-81ba-063dc0665391",
      "status": false,
      "created_at": "2024-12-12"
    },
    {
      "email": "branch-binder@spamlessmail.org",
      "password": "Ayi8AraKVQE5Btn9..",
      "name": "Trevor Reinger",
      "link": "http://accounts.goorm.io/verify-email?verify=user&code=57038a29732e9f046afb4a18dba0155eff92588a",
      "uid": "4e53bd4d-537b-4af6-b7e2-60ec8582937e",
      "status": false,
      "created_at": "2024-12-26"
    }
  ]
}